Filename;Mountain;Altitude
0000.jpg;Acamarachi;6046
0001.jpg;Acamarachi;6046
0002.jpg;Acamarachi;6046
0003.jpg;Acamarachi;6046
0004.jpg;Acatenango;3976
0005.jpg;Acatenango;3976
0006.jpg;Acatenango;3976
0007.jpg;Acatenango;3976
0008.jpg;Acatenango;3976
0009.jpg;Acatenango;3976
0010.jpg;Aconcagua;6962
0011.jpg;Aconcagua;6962
0012.jpg;Aconcagua;6962
0013.jpg;Aconcagua;6962
0014.jpg;Aconcagua;6962
0015.jpg;Aconcagua;6962
0016.jpg;Aconcagua;6962
0017.jpg;Aconcagua;6962
0018.jpg;Acotango;6052
0019.jpg;Acotango;6052
0020.jpg;Adams Peak;2243
0021.jpg;Adams Peak;2243
0022.jpg;Adams Peak;2243
0023.jpg;Adams Peak;2243
0024.jpg;Agassiz Peak;3767
0025.jpg;Agassiz Peak;3767
0026.jpg;Agassiz Peak;3767
0027.jpg;Agassiz Peak;3767
0028.jpg;Agassiz Peak;3767
0029.jpg;Agassiz Peak;3767
0030.jpg;Agastya Mala;1868
0031.jpg;Agastya Mala;1868
0032.jpg;Agathla Peak;2163
0033.jpg;Agathla Peak;2163
0034.jpg;Agathla Peak;2163
0035.jpg;Agathla Peak;2163
0036.jpg;Agathla Peak;2163
0037.jpg;Agathla Peak;2163
0038.jpg;Agathla Peak;2163
0039.jpg;Agathla Peak;2163
0040.jpg;Agathla Peak;2163
0041.jpg;Agathla Peak;2163
0042.jpg;Agathla Peak;2163
0043.jpg;Agnes Mountain;2474
0044.jpg;Aguja Saint Exupery;2558
0045.jpg;Aguja Saint Exupery;2558
0046.jpg;Aguja Saint Exupery;2558
0047.jpg;Aguja Saint Exupery;2558
0048.jpg;Aguja Saint Exupery;2558
0049.jpg;Aguja Saint Exupery;2558
0050.jpg;Agulla de Saboredo;2686
0051.jpg;Agulla del Corb;955
0052.jpg;Agulles d'Amitges;2661
0053.jpg;Agulles de Dellui;2544
0054.jpg;Aiguille Blanche de Peuterey;4112
0055.jpg;Aiguille Blanche de Peuterey;4112
0056.jpg;Aiguille Blanche de Peuterey;4112
0057.jpg;Aiguille Blanche de Peuterey;4112
0058.jpg;Aiguille Blanche de Peuterey;4112
0059.jpg;Aiguille d'Argentiere;3902
0060.jpg;Aiguille d'Argentiere;3902
0061.jpg;Aiguille d'Argentiere;3902
0062.jpg;Aiguille d'Argentiere;3902
0063.jpg;Aiguille d'Argentiere;3902
0064.jpg;Aiguille de Bionnassay;4052
0065.jpg;Aiguille de Bionnassay;4052
0066.jpg;Aiguille de Bionnassay;4052
0067.jpg;Aiguille de Bionnassay;4052
0068.jpg;Aiguille de Borderan;2492
0069.jpg;Aiguille de Borderan;2492
0070.jpg;Aiguille de Chardonnet;3824
0071.jpg;Aiguille de Criou;2207
0072.jpg;Aiguille de Criou;2207
0073.jpg;Aiguille de Criou;2207
0074.jpg;Aiguille de Criou;2207
0075.jpg;Aiguille de la Grande Sassiere;3747
0076.jpg;Aiguille de la Grande Sassiere;3747
0077.jpg;Aiguille de la Grande Sassiere;3747
0078.jpg;Aiguille de la Grande Sassiere;3747
0079.jpg;Aiguille de Leschaux;3759
0080.jpg;Aiguille de Poclet;3561
0081.jpg;Aiguille de Poclet;3561
0082.jpg;Aiguille de Poclet;3561
0083.jpg;Aiguille de Poclet;3561
0084.jpg;Aiguille de Poclet;3561
0085.jpg;Aiguille de Poclet;3561
0086.jpg;Aiguille de Polset;3531
0087.jpg;Aiguille de Polset;3531
0088.jpg;Aiguille de Triolet;3870
0089.jpg;Aiguille des Glaciers;3815
0090.jpg;Aiguille des Glaciers;3815
0091.jpg;Aiguille des Glaciers;3815
0092.jpg;Aiguille des Glaciers;3815
0093.jpg;Aiguille des Glaciers;3815
0094.jpg;Aiguille des Glaciers;3815
0095.jpg;Aiguille des Grands Charmoz;3445
0096.jpg;Aiguille des Grands Charmoz;3445
0097.jpg;Aiguille du Dru;3754
0098.jpg;Aiguille du Dru;3754
0099.jpg;Aiguille du Dru;3754
0100.jpg;Aiguille du Dru;3754
0101.jpg;Aiguille du Dru;3754
0102.jpg;Aiguille du Dru;3754
0103.jpg;Aiguille du Dru;3754
0104.jpg;Aiguille du Dru;3754
0105.jpg;Aiguille du Geant;4035
0106.jpg;Aiguille du Geant;4035
0107.jpg;Aiguille du Geant;4035
0108.jpg;Aiguille du Geant;4035
0109.jpg;Aiguille du Geant;4035
0110.jpg;Aiguille du Gouter;3863
0111.jpg;Aiguille du Gouter;3863
0112.jpg;Aiguille du Gouter;3863
0113.jpg;Aiguille du Gouter;3863
0114.jpg;Aiguille du Midi;3842
0115.jpg;Aiguille du Midi;3842
0116.jpg;Aiguille du Midi;3842
0117.jpg;Aiguille du Midi;3842
0118.jpg;Aiguille du Midi;3842
0119.jpg;Aiguille du Moine;3412
0120.jpg;Aiguille Rouge;2548
0121.jpg;Aiguille Rouge;2548
0122.jpg;Aiguille Verte;4121
0123.jpg;Aiguille Verte;4121
0124.jpg;Aiguille Verte;4121
0125.jpg;Aiguille Verte;4121
0126.jpg;Aiguille Verte;4121
0127.jpg;Aiguille Verte;4121
0128.jpg;Aiguille Verte;4121
0129.jpg;Aiguilles d'Arves;3515
0130.jpg;Aiguilles d'Arves;3515
0131.jpg;Aiguilles d'Arves;3515
0132.jpg;Aiguilles d'Arves;3515
0133.jpg;Aiguilles d'Arves;3515
0134.jpg;Aiguilles d'Arves;3515
0135.jpg;Aiguilles du Diable;4114
0136.jpg;Aiguilles du Diable;4114
0137.jpg;Ailama;4547
0138.jpg;Ailefroide;3954
0139.jpg;Ailefroide;3954
0140.jpg;Ailefroide;3954
0141.jpg;Ailefroide;3954
0142.jpg;Ailefroide;3954
0143.jpg;Ainodake;3189
0144.jpg;Ainodake;3189
0145.jpg;Ainodake;3189
0146.jpg;Aizkorri;1528
0147.jpg;Aizkorri;1528
0148.jpg;Aizkorri;1528
0149.jpg;Ajo Peak;798
0150.jpg;Ajusco;3930
0151.jpg;Ajusco;3930
0152.jpg;Ajusco;3930
0153.jpg;Ajusco;3930
0154.jpg;Akioud n'bou Imhraz;4030
0155.jpg;Alam Kuh;4850
0156.jpg;Alam Kuh;4850
0157.jpg;Alam Kuh;4850
0158.jpg;Aldaon;1409
0159.jpg;Aletschhorn;4192
0160.jpg;Aletschhorn;4192
0161.jpg;Aletschhorn;4192
0162.jpg;Aletschhorn;4192
0163.jpg;Aletschhorn;4192
0164.jpg;Aletschhorn;4192
0165.jpg;Aletschhorn;4192
0166.jpg;Aletschhorn;4192
0167.jpg;Aletschhorn;4192
0168.jpg;Algonquin Peak;1559
0169.jpg;Algonquin Peak;1559
0170.jpg;Allalinhorn;4027
0171.jpg;Allalinhorn;4027
0172.jpg;Allalinhorn;4027
0173.jpg;Allin Qhapaq;5780
0174.jpg;Alpamayo;5947
0175.jpg;Alpamayo;5947
0176.jpg;Alpamayo;5947
0177.jpg;Alpe di Succiso;2017
0178.jpg;Alphubel;4206
0179.jpg;Alphubel;4206
0180.jpg;Alphubel;4206
0181.jpg;Alphubel;4206
0182.jpg;Alphubel;4206
0183.jpg;Ama Dablam;6812
0184.jpg;Ama Dablam;6812
0185.jpg;Ama Dablam;6812
0186.jpg;Ama Dablam;6812
0187.jpg;Ama Dablam;6812
0188.jpg;Ama Dablam;6812
0189.jpg;Ama Dablam;6812
0190.jpg;Amarnath Peak;5186
0191.jpg;Amarnath Peak;5186
0192.jpg;Amarnath Peak;5186
0193.jpg;Amarnath Peak;5186
0194.jpg;Amarnath Peak;5186
0195.jpg;Amelia Earhart Peak;3650
0196.jpg;Amne Machin;6090
0197.jpg;Amne Machin;6090
0198.jpg;Amne Machin;6090
0199.jpg;Ampato;6288
0200.jpg;Ampato;6288
0201.jpg;Ampato;6288
0202.jpg;Anaimudi;2695
0203.jpg;Anaimudi;2695
0204.jpg;Anaimudi;2695
0205.jpg;Anaimudi;2695
0206.jpg;Anaimudi;2695
0207.jpg;Ancohuma;6427
0208.jpg;Ancohuma;6427
0209.jpg;Aneto;3404
0210.jpg;Aneto;3404
0211.jpg;Aneto;3404
0212.jpg;Aneto;3404
0213.jpg;Aneto;3404
0214.jpg;Aneto;3404
0215.jpg;Aneto;3404
0216.jpg;Annapurna;8091
0217.jpg;Annapurna;8091
0218.jpg;Annapurna;8091
0219.jpg;Annapurna;8091
0220.jpg;Annapurna II;7937
0221.jpg;Annapurna II;7937
0222.jpg;Annapurna II;7937
0223.jpg;Annapurna III;7555
0224.jpg;Annapurna III;7555
0225.jpg;Annapurna III;7555
0226.jpg;Annapurna III;7555
0227.jpg;Annapurna III;7555
0228.jpg;Annapurna South;7219
0229.jpg;Annapurna South;7219
0230.jpg;Annapurna South;7219
0231.jpg;Antelao;3264
0232.jpg;Antelao;3264
0233.jpg;Antelao;3264
0234.jpg;Antelao;3264
0235.jpg;Antelao;3264
0236.jpg;Antelao;3264
0237.jpg;Antisana;5753
0238.jpg;Antisana;5753
0239.jpg;Antisana;5753
0240.jpg;Antisana;5753
0241.jpg;Antisana;5753
0242.jpg;Antler Peak;3067
0243.jpg;Antler Peak;3067
0244.jpg;Antler Peak;3067
0245.jpg;Antler Peak;3067
0246.jpg;Antler Peak;3067
0247.jpg;Antler Peak;3067
0248.jpg;Antler Peak;3067
0249.jpg;Antler Peak;3067
0250.jpg;Antofalla;6409
0251.jpg;Antora Peak;4046
0252.jpg;Apikuni Mountain;2765
0253.jpg;Apikuni Mountain;2765
0254.jpg;Apikuni Mountain;2765
0255.jpg;Appistoki Peak;2489
0256.jpg;Appistoki Peak;2489
0257.jpg;Appistoki Peak;2489
0258.jpg;Aracar;6082
0259.jpg;Aracar;6082
0260.jpg;Aracar;6082
0261.jpg;Aracar;6082
0262.jpg;Aragats;4090
0263.jpg;Aragats;4090
0264.jpg;Aragats;4090
0265.jpg;Aragats;4090
0266.jpg;Aragats;4090
0267.jpg;Aragats;4090
0268.jpg;Aragats;4090
0269.jpg;Aragats;4090
0270.jpg;Arbizon;2831
0271.jpg;Arbizon;2831
0272.jpg;Argentine Peak;4188
0273.jpg;Argentine Peak;4188
0274.jpg;Argonaut Peak;2576
0275.jpg;Argonaut Peak;2576
0276.jpg;Argonaut Peak;2576
0277.jpg;Armboth Fell;479
0278.jpg;Armboth Fell;479
0279.jpg;Armboth Fell;479
0280.jpg;Arnison Crag;433
0281.jpg;Arriel;2824
0282.jpg;Arriel;2824
0283.jpg;Artesonraju;6025
0284.jpg;Artesonraju;6025
0285.jpg;Artesonraju;6025
0286.jpg;Artesonraju;6025
0287.jpg;Artesonraju;6025
0288.jpg;Artesonraju;6025
0289.jpg;Aucanquilcha;6176
0290.jpg;Aucanquilcha;6176
0291.jpg;Aucanquilcha;6176
0292.jpg;Aucanquilcha;6176
0293.jpg;Aucanquilcha;6176
0294.jpg;Augustine Volcano;1260
0295.jpg;Ausangate;6384
0296.jpg;Ausangate;6384
0297.jpg;Ausangate;6384
0298.jpg;Ausangate;6384
0299.jpg;Azad Kuh;4355
0300.jpg;Azad Kuh;4355
0301.jpg;Azad Kuh;4355
0302.jpg;Azurite Peak;2560
0303.jpg;Azurite Peak;2560
0304.jpg;Azurite Peak;2560
0305.jpg;Azurite Peak;2560
0306.jpg;Baba Budangiri;1895
0307.jpg;Baboquivari Peak;2356
0308.jpg;Baboquivari Peak;2356
0309.jpg;Baboquivari Peak;2356
0310.jpg;Baboquivari Peak;2356
0311.jpg;Baboquivari Peak;2356
0312.jpg;Baboquivari Peak;2356
0313.jpg;Baboquivari Peak;2356
0314.jpg;Bachimala;3177
0315.jpg;Bachimala;3177
0316.jpg;Bachimala;3177
0317.jpg;Bakestall;673
0318.jpg;Balaitous;3151
0319.jpg;Balaitous;3151
0320.jpg;Balaitous;3151
0321.jpg;Balaitous;3151
0322.jpg;Balaitous;3151
0323.jpg;Balakun;6471
0324.jpg;Balakun;6471
0325.jpg;Balerdi;1195
0326.jpg;Balerdi;1195
0327.jpg;Balerdi;1195
0328.jpg;Ballon de Servance;1216
0329.jpg;Ballon de Servance;1216
0330.jpg;Ballon de Servance;1216
0331.jpg;Baltoro Kangri;7312
0332.jpg;Baltoro Kangri;7312
0333.jpg;Bandarpunch I;6316
0334.jpg;Bandarpunch I;6316
0335.jpg;Bandarpunch I;6316
0336.jpg;Bandarpunch I;6316
0337.jpg;Bandarpunch I;6316
0338.jpg;Bandarpunch II;6102
0339.jpg;Banderishki Chukar;2732
0340.jpg;Bannerdale Crags;683
0341.jpg;Bannerdale Crags;683
0342.jpg;Barbeau Peak;2616
0343.jpg;Barbeau Peak;2616
0344.jpg;Barre des  ecrins;4102
0345.jpg;Barre des  ecrins;4102
0346.jpg;Barre des  ecrins;4102
0347.jpg;Barre des  ecrins;4102
0348.jpg;Barre des  ecrins;4102
0349.jpg;Barre des  ecrins;4102
0350.jpg;Baruntse;7162
0351.jpg;Baruntse;7162
0352.jpg;Baruntse;7162
0353.jpg;Baruntse;7162
0354.jpg;Baruntse;7162
0355.jpg;Baruntse;7162
0356.jpg;Bashful Peak;2439
0357.jpg;Bashful Peak;2439
0358.jpg;Bashliyski Chukar;2670
0359.jpg;Bashliyski Chukar;2670
0360.jpg;Bashliyski Chukar;2670
0361.jpg;Bastiments;2881
0362.jpg;Bastiments;2881
0363.jpg;Bastiments;2881
0364.jpg;Batura Sar;7795
0365.jpg;Batura Sar;7795
0366.jpg;Bayuvi dupki;2820
0367.jpg;Bayuvi dupki;2820
0368.jpg;Bazarduzu Dagi;4485
0369.jpg;Bazarduzu Dagi;4485
0370.jpg;Bellecote;3417
0371.jpg;Bellecote;3417
0372.jpg;Bellecote;3417
0373.jpg;Belukha;4506
0374.jpg;Belukha;4506
0375.jpg;Belukha;4506
0376.jpg;Belukha;4506
0377.jpg;Belukha;4506
0378.jpg;Belukha;4506
0379.jpg;Belukha;4506
0380.jpg;Belukha;4506
0381.jpg;Belukha Mountain;4506
0382.jpg;Belukha Mountain;4506
0383.jpg;Belukha Mountain;4506
0384.jpg;Ben Cleuch;721
0385.jpg;Ben Cleuch;721
0386.jpg;Ben Macdhui;3001
0387.jpg;Ben Macdhui;3001
0388.jpg;Ben Nevis;1345
0389.jpg;Ben Nevis;1345
0390.jpg;Ben Nevis;1345
0391.jpg;Ben Nevis;1345
0392.jpg;Berrian Mountain;2789
0393.jpg;Besiberri;3030
0394.jpg;Besiberri;3030
0395.jpg;Besiberri;3030
0396.jpg;Besiberri del Mig;2995
0397.jpg;Besiberri Nord;3008
0398.jpg;Besiberri Nord;3008
0399.jpg;Besiberri Nord;3008
0400.jpg;Bhagirathi I;6856
0401.jpg;Bhagirathi I;6856
0402.jpg;Bhagirathi I;6856
0403.jpg;Bhagirathi I;6856
0404.jpg;Bhagirathi I;6856
0405.jpg;Bhrigupanth;6772
0406.jpg;Bhrigupanth;6772
0407.jpg;Bidean nam Bian;1150
0408.jpg;Bidean nam Bian;1150
0409.jpg;Big Hatchet Peak;2547
0410.jpg;Big Hatchet Peak;2547
0411.jpg;Birch Mountain;4147
0412.jpg;Birch Mountain;4147
0413.jpg;Bisaurin;2668
0414.jpg;Bisaurin;2668
0415.jpg;Bisaurin;2668
0416.jpg;Bishorn;4153
0417.jpg;Bishorn;4153
0418.jpg;Bishorn;4153
0419.jpg;Bishorn;4153
0420.jpg;Black Combe;600
0421.jpg;Black Combe;600
0422.jpg;Black Elk Peak;2207
0423.jpg;Black Elk Peak;2207
0424.jpg;Black Kaweah;4172
0425.jpg;Black Kaweah;4172
0426.jpg;Black Kaweah;4172
0427.jpg;Black Kaweah;4172
0428.jpg;Blake Fell;573
0429.jpg;Blayeul;2189
0430.jpg;Bleaberry Fell;590
0431.jpg;Blease Fell;805
0432.jpg;Blease Fell;805
0433.jpg;Blencathra;868
0434.jpg;Blencathra;868
0435.jpg;Boggs Peak;1377
0436.jpg;Bojohagur Duanasir;7329
0437.jpg;Bojohagur Duanasir;7329
0438.jpg;Bonanza Peak;2899
0439.jpg;Bonanza Peak;2899
0440.jpg;Bonscale Pike;524
0441.jpg;Bony Blanc;2755
0442.jpg;Bony del Graller;2645
0443.jpg;Borah Peak;3861
0444.jpg;Borah Peak;3861
0445.jpg;Borah Peak;3861
0446.jpg;Borah Peak;3861
0447.jpg;Boston Peak;2711
0448.jpg;Boston Peak;2711
0449.jpg;Botev Peak;2376
0450.jpg;Botev Peak;2376
0451.jpg;Botev Peak;2376
0452.jpg;Botev Peak;2376
0453.jpg;Bowfell;902
0454.jpg;Bowfell;902
0455.jpg;Bowfell;902
0456.jpg;Bowscale Fell;702
0457.jpg;Brahmagiri;1608
0458.jpg;Brahmagiri;1608
0459.jpg;Brant Fell;191
0460.jpg;Brasstown Bald;1458
0461.jpg;Breakneck Ridge;380
0462.jpg;Breakneck Ridge;380
0463.jpg;Breakneck Ridge;380
0464.jpg;Brean Down;98
0465.jpg;Brean Down;98
0466.jpg;Brec de Chambeyron;3389
0467.jpg;Brec de Chambeyron;3389
0468.jpg;Brec de Chambeyron;3389
0469.jpg;Breithorn;3782
0470.jpg;Breithorn;3782
0471.jpg;Breithorn;3782
0472.jpg;Breithorn;3782
0473.jpg;Breithorn;3782
0474.jpg;Brent Knoll;139
0475.jpg;Brent Knoll;139
0476.jpg;Broad Peak;8051
0477.jpg;Broad Peak;8051
0478.jpg;Broad Peak;8051
0479.jpg;Broad Peak;8051
0480.jpg;Broad Peak;8051
0481.jpg;Broom Fell;511
0482.jpg;Buachaille Etive Mor;1022
0483.jpg;Buachaille Etive Mor;1022
0484.jpg;Buachaille Etive Mor;1022
0485.jpg;Buachaille Etive Mor;1022
0486.jpg;Buachaille Etive Mor;1022
0487.jpg;Buachaille Etive Mor;1022
0488.jpg;Buck Mountain;3639
0489.jpg;Buck Mountain;3639
0490.jpg;Buckbarrow;420
0491.jpg;Buckbarrow;420
0492.jpg;Buckner Mountain;2778
0493.jpg;Buckner Mountain;2778
0494.jpg;Bukhansan;836
0495.jpg;Bukhansan;836
0496.jpg;Bukhansan;836
0497.jpg;Burnbank Fell;475
0498.jpg;Burnbank Fell;475
0499.jpg;Burney Mountain;2397
0500.jpg;Burney Mountain;2397
0501.jpg;Burney Mountain;2397
0502.jpg;Cacapon Mountain;797
0503.jpg;Cacapon Mountain;797
0504.jpg;Cacapon Mountain;797
0505.jpg;Cadair Idris;893
0506.jpg;Cadair Idris;893
0507.jpg;Cadair Idris;893
0508.jpg;Caer Caradoc;459
0509.jpg;Caer Caradoc;459
0510.jpg;Caer Caradoc;459
0511.jpg;Cairntoul;2826
0512.jpg;Cairntoul;2826
0513.jpg;Cairntoul;2826
0514.jpg;Cairntoul;2826
0515.jpg;Cairntoul;2826
0516.jpg;Cairntoul;2826
0517.jpg;Cairntoul;2826
0518.jpg;Calver Hill;493
0519.jpg;Calver Hill;493
0520.jpg;Cambirela;1043
0521.jpg;Cambirela;1043
0522.jpg;Canigou;2784
0523.jpg;Canigou;2784
0524.jpg;Canigou;2784
0525.jpg;Canigou;2784
0526.jpg;Canigou;2784
0527.jpg;Cannon Mountain;1240
0528.jpg;Cannon Mountain;1240
0529.jpg;Cantata Peak;1947
0530.jpg;Cantata Peak;1947
0531.jpg;Cantata Peak;1947
0532.jpg;Cantata Peak;1947
0533.jpg;Cantata Peak;1947
0534.jpg;Cap de la Creu;430
0535.jpg;Cardinal Peak;2618
0536.jpg;Carihuairazo;5018
0537.jpg;Carihuairazo;5018
0538.jpg;Carihuairazo;5018
0539.jpg;Carihuairazo;5018
0540.jpg;Carihuairazo;5018
0541.jpg;Carihuairazo;5018
0542.jpg;Carrauntoohil;1038
0543.jpg;Carrauntoohil;1038
0544.jpg;Carrauntoohil;1038
0545.jpg;Carrauntoohil;1038
0546.jpg;Carrauntoohil;1038
0547.jpg;Carrauntoohil;1038
0548.jpg;Carrauntoohil;1038
0549.jpg;Carrock Fell;663
0550.jpg;Carrock Fell;663
0551.jpg;Carruthers Peak;2145
0552.jpg;Cascade Mountain;2998
0553.jpg;Cascade Mountain;2998
0554.jpg;Castell de l'Airosa;1033
0555.jpg;Castle Mountain;2766
0556.jpg;Castle Mountain;2766
0557.jpg;Castle Mountain;2766
0558.jpg;Castle Mountain;2766
0559.jpg;Castle Mountain;2766
0560.jpg;Cathedral Peak;3005
0561.jpg;Cathedral Peak;3005
0562.jpg;Cathedral Peak;3005
0563.jpg;Cathedral Peak;3005
0564.jpg;Cathedral Peak;3005
0565.jpg;Cathedral Peak;3005
0566.jpg;Cathkin Peak;3148
0567.jpg;Catstycam;890
0568.jpg;Catstycam;890
0569.jpg;Catstycam;890
0570.jpg;Catstycam;890
0571.jpg;Cayambe;5790
0572.jpg;Cayambe;5790
0573.jpg;Cayambe;5790
0574.jpg;Cayambe;5790
0575.jpg;Cayambe;5790
0576.jpg;Cayambe;5790
0577.jpg;Cayambe;5790
0578.jpg;Cayambe;5790
0579.jpg;Cerro Bonete Chico;6759
0580.jpg;Cerro Chajnantor;5639
0581.jpg;Cerro Chajnantor;5639
0582.jpg;Cerro Chirripo;3820
0583.jpg;Cerro Chirripo;3820
0584.jpg;Cerro Chirripo;3820
0585.jpg;Cerro de la Silla;1820
0586.jpg;Cerro de la Silla;1820
0587.jpg;Cerro de la Silla;1820
0588.jpg;Cerro de la Silla;1820
0589.jpg;Cerro del Potosi;3721
0590.jpg;Cerro del Potosi;3721
0591.jpg;Cerro del Potosi;3721
0592.jpg;Cerro del Potosi;3721
0593.jpg;Cerro El Pital;2730
0594.jpg;Cerro La Campana;1828
0595.jpg;Cerro La Campana;1828
0596.jpg;Cerro Paine Grande;2854
0597.jpg;Cerro Paine Grande;2854
0598.jpg;Cerro Paine Grande;2854
0599.jpg;Cerro Paine Grande;2854
0600.jpg;Cerro Paine Grande;2854
0601.jpg;Cerro Paine Grande;2854
0602.jpg;Cerro Toco;5604
0603.jpg;Cerro Toco;5604
0604.jpg;Cerro Torre;3133
0605.jpg;Cerro Torre;3133
0606.jpg;Cerro Zapaleri;5653
0607.jpg;Chachani;6057
0608.jpg;Chachani;6057
0609.jpg;Chachani;6057
0610.jpg;Chachani;6057
0611.jpg;Chachani;6057
0612.jpg;Chachani;6057
0613.jpg;Chamechaude;2082
0614.jpg;Chamechaude;2082
0615.jpg;Chamechaude;2082
0616.jpg;Chamlang;7319
0617.jpg;Chamlang;7319
0618.jpg;Chamlang;7319
0619.jpg;Chamlang;7319
0620.jpg;Chamlang;7319
0621.jpg;Chamlang;7319
0622.jpg;Chamlang;7319
0623.jpg;Champagne Castle;3377
0624.jpg;Champagne Castle;3377
0625.jpg;Chandra Parbat I;6739
0626.jpg;Chandra Parbat I;6739
0627.jpg;Changuch;6322
0628.jpg;Changuch;6322
0629.jpg;Changuch;6322
0630.jpg;Changuch;6322
0631.jpg;Changuch;6322
0632.jpg;Chaukhamba;7138
0633.jpg;Chaukhamba;7138
0634.jpg;Chaukhamba;7138
0635.jpg;Chaukhamba;7138
0636.jpg;Chaukhamba;7138
0637.jpg;Chaukhamba;7138
0638.jpg;Chaukhamba;7138
0639.jpg;Chaukhamba;7138
0640.jpg;Chaukhamba;7138
0641.jpg;Chaukhamba;7138
0642.jpg;Cheaha Mountain;735
0643.jpg;Cheaha Mountain;735
0644.jpg;Cheaha Mountain;735
0645.jpg;Cheaha Mountain;735
0646.jpg;Cheaha Mountain;735
0647.jpg;Cheaha Mountain;735
0648.jpg;Cheekha Dar;3611
0649.jpg;Cherni Vrah;2290
0650.jpg;Chief Mountain;2768
0651.jpg;Chief Mountain;2768
0652.jpg;Chief Mountain;2768
0653.jpg;Chief Mountain;2768
0654.jpg;Chief Mountain;2768
0655.jpg;Chief Mountain;2768
0656.jpg;Chikamin Peak;2133
0657.jpg;Chikamin Peak;2133
0658.jpg;Chikamin Peak;2133
0659.jpg;Chikamin Peak;2133
0660.jpg;Chikamin Peak;2133
0661.jpg;Chimborazo;6267
0662.jpg;Chimborazo;6267
0663.jpg;Chimborazo;6267
0664.jpg;Chimborazo;6267
0665.jpg;Chimborazo;6267
0666.jpg;Chiricahua Peak;2975
0667.jpg;Cho Oyu;8201
0668.jpg;Cho Oyu;8201
0669.jpg;Cho Oyu;8201
0670.jpg;Cho Oyu;8201
0671.jpg;Cho Oyu;8201
0672.jpg;Chogolisa;7665
0673.jpg;Chogolisa;7665
0674.jpg;Chogolisa;7665
0675.jpg;Cholatse;6440
0676.jpg;Cholatse;6440
0677.jpg;Chongra Peak;6830
0678.jpg;Chopicalqui;6345
0679.jpg;Chopicalqui;6345
0680.jpg;Chopicalqui;6345
0681.jpg;Chopicalqui;6345
0682.jpg;Choshuenco;2415
0683.jpg;Choshuenco;2415
0684.jpg;Choshuenco;2415
0685.jpg;Choshuenco;2415
0686.jpg;Choshuenco;2415
0687.jpg;Christoffelberg;375
0688.jpg;Christoffelberg;375
0689.jpg;Christoffelberg;375
0690.jpg;Christoffelberg;375
0691.jpg;Christoffelberg;375
0692.jpg;Chrome Hill;425
0693.jpg;Chrome Hill;425
0694.jpg;Chrome Hill;425
0695.jpg;Chrome Hill;425
0696.jpg;Cilo Dagi;4116
0697.jpg;Cime de Baissette;2822
0698.jpg;Cime de Baissette;2822
0699.jpg;Cinder Cone;2101
0700.jpg;Cinder Cone;2101
0701.jpg;Cinder Cone;2101
0702.jpg;Cleft Peak;3281
0703.jpg;Cley Hill;244
0704.jpg;Clingmans Dome;2025
0705.jpg;Clingmans Dome;2025
0706.jpg;Clingmans Dome;2025
0707.jpg;Clisham;799
0708.jpg;Clisham;799
0709.jpg;Clisham;799
0710.jpg;Cobb Mountain;1440
0711.jpg;Cofre de Perote;4201
0712.jpg;Cofre de Perote;4201
0713.jpg;Colchuck Peak;2653
0714.jpg;Colchuck Peak;2653
0715.jpg;Colchuck Peak;2653
0716.jpg;Colchuck Peak;2653
0717.jpg;Colchuck Peak;2653
0718.jpg;Colchuck Peak;2653
0719.jpg;Colchuck Peak;2653
0720.jpg;Colima;2720
0721.jpg;Colima;2720
0722.jpg;Colima;2720
0723.jpg;Coma Pedrosa;2942
0724.jpg;Comanegra;1557
0725.jpg;Comanegra;1557
0726.jpg;Copahue;2997
0727.jpg;Copahue;2997
0728.jpg;Copahue;2997
0729.jpg;Corno Grande;2912
0730.jpg;Corno Grande;2912
0731.jpg;Corno Grande;2912
0732.jpg;Corno Grande;2912
0733.jpg;Corno Grande;2912
0734.jpg;Costabona;2464
0735.jpg;Costabona;2464
0736.jpg;Cotiella;2912
0737.jpg;Cotiella;2912
0738.jpg;Cotiella;2912
0739.jpg;Cotiella;2912
0740.jpg;Cotiella;2912
0741.jpg;Cotiella;2912
0742.jpg;Cotopaxi;5897
0743.jpg;Cotopaxi;5897
0744.jpg;Cotopaxi;5897
0745.jpg;Cotopaxi;5897
0746.jpg;Cotopaxi;5897
0747.jpg;Cotopaxi;5897
0748.jpg;Crestone Needle;4327
0749.jpg;Crestone Needle;4327
0750.jpg;Crestone Peak;4357
0751.jpg;Cringle Moor;432
0752.jpg;Cringle Moor;432
0753.jpg;Crna Glava;2139
0754.jpg;Crna Glava;2139
0755.jpg;Crowfoot Mountain;3055
0756.jpg;Crowfoot Mountain;3055
0757.jpg;Crowfoot Mountain;3055
0758.jpg;Crowfoot Mountain;3055
0759.jpg;Crowfoot Mountain;3055
0760.jpg;Crown Mountain;1846
0761.jpg;Crown Mountain;1846
0762.jpg;Culebra Peak;4282
0763.jpg;Cuyamaca Peak;1985
0764.jpg;Cuyamaca Peak;1985
0765.jpg;Cuyamaca Peak;1985
0766.jpg;Dachstein;2995
0767.jpg;Dachstein;2995
0768.jpg;Daeunsan;742
0769.jpg;Daisen;1729
0770.jpg;Daisen;1729
0771.jpg;Daisen;1729
0772.jpg;Daisen;1729
0773.jpg;Daisen;1729
0774.jpg;Damavand;5610
0775.jpg;Damavand;5610
0776.jpg;Damavand;5610
0777.jpg;Damavand;5610
0778.jpg;Damavand;5610
0779.jpg;Damavand;5610
0780.jpg;Damavand;5610
0781.jpg;Damavand;5610
0782.jpg;Damavand;5610
0783.jpg;Damavand;5610
0784.jpg;Damavand;5610
0785.jpg;Damavand;5610
0786.jpg;Damavand;5610
0787.jpg;Daxue Mountain;3500
0788.jpg;Denali (Mt. McKinley);6168
0789.jpg;Denali (Mt. McKinley);6168
0790.jpg;Denali (Mt. McKinley);6168
0791.jpg;Denali (Mt. McKinley);6168
0792.jpg;Denali (Mt. McKinley);6168
0793.jpg;Denali (Mt. McKinley);6168
0794.jpg;Denali (Mt. McKinley);6168
0795.jpg;Dent Blanche;4357
0796.jpg;Dent Blanche;4357
0797.jpg;Dent Blanche;4357
0798.jpg;Dent Blanche;4357
0799.jpg;Dent d'Herens;4171
0800.jpg;Dent d'Herens;4171
0801.jpg;Dent d'Herens;4171
0802.jpg;Dent d'Herens;4171
0803.jpg;Dent d'Herens;4171
0804.jpg;Dent d'Herens;4171
0805.jpg;Dent d'Oche;2221
0806.jpg;Dent d'Oche;2221
0807.jpg;Dent d'Oche;2221
0808.jpg;Dent d'Oche;2221
0809.jpg;Dent de Crolles;2062
0810.jpg;Dent de Crolles;2062
0811.jpg;Dent de Crolles;2062
0812.jpg;Dent de Crolles;2062
0813.jpg;Dent du Geant;4013
0814.jpg;Dent du Geant;4013
0815.jpg;Dent du Geant;4013
0816.jpg;Dent du Geant;4013
0817.jpg;Deomali;1672
0818.jpg;Descabezado Grande;3953
0819.jpg;Descabezado Grande;3953
0820.jpg;Descabezado Grande;3953
0821.jpg;Detunata;1258
0822.jpg;Dhaulagiri;8167
0823.jpg;Dhaulagiri;8167
0824.jpg;Dhaulagiri;8167
0825.jpg;Dhaulagiri;8167
0826.jpg;Dhaulagiri;8167
0827.jpg;Dhaulagiri;8167
0828.jpg;Didi Abuli;3301
0829.jpg;Didi Abuli;3301
0830.jpg;Didi Abuli;3301
0831.jpg;Didi Abuli;3301
0832.jpg;Diklo;4285
0833.jpg;Dikti;2148
0834.jpg;Dikti;2148
0835.jpg;Dikti;2148
0836.jpg;Dinara;1831
0837.jpg;Dinara;1831
0838.jpg;Dinara;1831
0839.jpg;Dinara;1831
0840.jpg;Dinara;1831
0841.jpg;Diran;7257
0842.jpg;Diran;7257
0843.jpg;Diran;7257
0844.jpg;Diran;7257
0845.jpg;Diran;7257
0846.jpg;Diran;7257
0847.jpg;Diran;7257
0848.jpg;Diran;7257
0849.jpg;Dirfi;1743
0850.jpg;Dirfi;1743
0851.jpg;Dirfi;1743
0852.jpg;Dirfi;1743
0853.jpg;Disappointment Peak;3541
0854.jpg;Doi Chiang Dao;2175
0855.jpg;Doi Ian;1174
0856.jpg;Doi Luang;1694
0857.jpg;Doi Pha Hom Pok;2285
0858.jpg;Doi Phu Kha;1980
0859.jpg;Dom des Mischabel;4545
0860.jpg;Dom des Mischabel;4545
0861.jpg;Dom des Mischabel;4545
0862.jpg;Dome de la Sache;3601
0863.jpg;Dome de la Sache;3601
0864.jpg;Dome de Polset;3326
0865.jpg;Dome de Polset;3326
0866.jpg;Dove Crag;792
0867.jpg;Doyle Peak;3494
0868.jpg;Doyle Peak;3494
0869.jpg;Doyle Peak;3494
0870.jpg;Doyle Peak;3494
0871.jpg;Dragontail Peak;2690
0872.jpg;Dragontail Peak;2690
0873.jpg;Dragontail Peak;2690
0874.jpg;Dragontail Peak;2690
0875.jpg;Druesberg;2282
0876.jpg;Druesberg;2282
0877.jpg;Druesberg;2282
0878.jpg;Du Toits Peak;1995
0879.jpg;Dufourspitze (Monte Rosa);4634
0880.jpg;Dufourspitze (Monte Rosa);4634
0881.jpg;Dufourspitze (Monte Rosa);4634
0882.jpg;Dufourspitze (Monte Rosa);4634
0883.jpg;Dufourspitze (Monte Rosa);4634
0884.jpg;Dufton Pike;481
0885.jpg;Dufton Pike;481
0886.jpg;Dufton Pike;481
0887.jpg;Dunagiri;7066
0888.jpg;Dunagiri;7066
0889.jpg;Dunagiri;7066
0890.jpg;Dunkery Beacon;519
0891.jpg;Dunkery Beacon;519
0892.jpg;Dykh-Tau;5205
0893.jpg;Dykh-Tau;5205
0894.jpg;Dzhengal;2730
0895.jpg;Dzhengal;2730
0896.jpg;Eagles Rest Peak;3431
0897.jpg;Eiger;3967
0898.jpg;Eiger;3967
0899.jpg;Eiger;3967
0900.jpg;El Capitan;2464
0901.jpg;El Capitan;2464
0902.jpg;El Capitan;2464
0903.jpg;El Capitan;2464
0904.jpg;El Capitan;2464
0905.jpg;El Capitan;2464
0906.jpg;El Diente Peak;4315
0907.jpg;El Misti;5822
0908.jpg;El Misti;5822
0909.jpg;El Misti;5822
0910.jpg;El Misti;5822
0911.jpg;El Misti;5822
0912.jpg;El Misti;5822
0913.jpg;El Misti;5822
0914.jpg;el Montcau;645
0915.jpg;el Montcau;645
0916.jpg;el Pa de Sucre;2862
0917.jpg;el Pa de Sucre;2862
0918.jpg;el Pa de Sucre;2862
0919.jpg;el Paller de Tot l'Any;817
0920.jpg;el Picorandan;991
0921.jpg;El Plomo;5450
0922.jpg;El Plomo;5450
0923.jpg;El Turbon;2497
0924.jpg;Eldorado Peak;2701
0925.jpg;Electric Peak;3343
0926.jpg;Electric Peak;3343
0927.jpg;Electric Peak;3343
0928.jpg;Electric Peak;3343
0929.jpg;Electric Peak;3343
0930.jpg;Elkhorn Mountain;2195
0931.jpg;Elkhorn Mountain;2195
0932.jpg;Elsinore Peak;1089
0933.jpg;Elsinore Peak;1089
0934.jpg;Elsinore Peak;1089
0935.jpg;Engelmann Peak;4074
0936.jpg;Engelmann Peak;4074
0937.jpg;Engels Peak;6510
0938.jpg;Era Entecada;2269
0939.jpg;Esk Pike;885
0940.jpg;Ezkaurre;2049
0941.jpg;Ezkaurre;2049
0942.jpg;Ezkaurre;2049
0943.jpg;Falak Sar;5918
0944.jpg;Falak Sar;5918
0945.jpg;Farcau Peak;1956
0946.jpg;Fellbarrow;415
0947.jpg;Fellbarrow;415
0948.jpg;Fiescherhorn;4049
0949.jpg;Fiescherhorn;4049
0950.jpg;Fiescherhorn;4049
0951.jpg;Fiescherhorn;4049
0952.jpg;Fiescherhorn;4049
0953.jpg;Finsteraarhorn;4274
0954.jpg;Finsteraarhorn;4274
0955.jpg;Finsteraarhorn;4274
0956.jpg;Finsteraarhorn;4274
0957.jpg;Finsteraarhorn;4274
0958.jpg;Finsteraarhorn;4274
0959.jpg;Fishers Peak;2936
0960.jpg;Fishers Peak;2936
0961.jpg;Fishers Peak;2936
0962.jpg;Fitzroy;3375
0963.jpg;Fitzroy;3375
0964.jpg;Fleetwith Pike;648
0965.jpg;Fleetwith Pike;648
0966.jpg;Fleetwith Pike;648
0967.jpg;Fleetwith Pike;648
0968.jpg;Fletschhorn;3993
0969.jpg;Fletschhorn;3993
0970.jpg;Fletschhorn;3993
0971.jpg;Fluchthorn;3399
0972.jpg;Fluchthorn;3399
0973.jpg;Fluchthorn;3399
0974.jpg;Fluchthorn;3399
0975.jpg;Forbordsfjellet;590
0976.jpg;Formosa Peak;1675
0977.jpg;Fossil Mountain;2946
0978.jpg;Four Peaks;2334
0979.jpg;Four Peaks;2334
0980.jpg;Four Peaks;2334
0981.jpg;Four Peaks;2334
0982.jpg;Four Peaks;2334
0983.jpg;Four Peaks;2334
0984.jpg;Four Peaks;2334
0985.jpg;Four Peaks;2334
0986.jpg;Francs Peak;4009
0987.jpg;Francs Peak;4009
0988.jpg;Freel Peak;3318
0989.jpg;Freel Peak;3318
0990.jpg;Fremont Peak;4189
0991.jpg;Fresno Dome;2299
0992.jpg;Fresno Dome;2299
0993.jpg;Froswick;720
0994.jpg;Froswick;720
0995.jpg;Froswick;720
0996.jpg;Frundenhorn;3386
0997.jpg;Frundenhorn;3386
0998.jpg;Frundenhorn;3386
0999.jpg;Frundenhorn;3386
1000.jpg;Fusillade Mountain;2668
1001.jpg;Fusillade Mountain;2668
1002.jpg;Fusillade Mountain;2668
1003.jpg;Fusillade Mountain;2668
1004.jpg;Gaika's Kop;1963
1005.jpg;Gaika's Kop;1963
1006.jpg;Gaika's Kop;1963
1007.jpg;Galdhopiggen;2469
1008.jpg;Galdhopiggen;2469
1009.jpg;Galenstock;3586
1010.jpg;Galenstock;3586
1011.jpg;Galenstock;3586
1012.jpg;Galenstock;3586
1013.jpg;Galunggung;2168
1014.jpg;Galunggung;2168
1015.jpg;Galunggung;2168
1016.jpg;Gangapurna;7455
1017.jpg;Gangapurna;7455
1018.jpg;Gangapurna;7455
1019.jpg;Gangkhar Puensum;7570
1020.jpg;Gangkhar Puensum;7570
1021.jpg;Gangkhar Puensum;7570
1022.jpg;Gannett Peak;4208
1023.jpg;Gannett Peak;4208
1024.jpg;Gannett Peak;4208
1025.jpg;Gannett Peak;4208
1026.jpg;Garfield Mountain;787
1027.jpg;Garfield Mountain;787
1028.jpg;Garfield Mountain;787
1029.jpg;Garfield Mountain;787
1030.jpg;Garfield Mountain;787
1031.jpg;Garfield Mountain;787
1032.jpg;Gasherbrum I;8080
1033.jpg;Gasherbrum I;8080
1034.jpg;Gasherbrum I;8080
1035.jpg;Gasherbrum I;8080
1036.jpg;Gasherbrum I;8080
1037.jpg;Gasherbrum I;8080
1038.jpg;Gasherbrum I;8080
1039.jpg;Gasherbrum I;8080
1040.jpg;Gasherbrum I;8080
1041.jpg;Gasherbrum II;8034
1042.jpg;Gasherbrum II;8034
1043.jpg;Gasherbrum II;8034
1044.jpg;Gasherbrum II;8034
1045.jpg;Gasherbrum II;8034
1046.jpg;Gasherbrum II;8034
1047.jpg;Gasherbrum IV;7932
1048.jpg;Gasherbrum IV;7932
1049.jpg;Gasherbrum IV;7932
1050.jpg;Gasherbrum IV;7932
1051.jpg;Gasherbrum IV;7932
1052.jpg;Gauri Sankar;7134
1053.jpg;Gauri Sankar;7134
1054.jpg;Gerlachov Peak;2655
1055.jpg;Gerlachov Peak;2655
1056.jpg;Gerlachov Peak;2655
1057.jpg;Gerlachov Peak;2655
1058.jpg;Gerlachov Peak;2655
1059.jpg;Gerlachov Peak;2655
1060.jpg;Ghamubar Zom;6518
1061.jpg;Ghamubar Zom;6518
1062.jpg;Gimmigela Chuli;7350
1063.jpg;Girnar;1031
1064.jpg;Gistola;4860
1065.jpg;Gistola;4860
1066.jpg;Gistola;4860
1067.jpg;Gjeravica;2656
1068.jpg;Gjeravica;2656
1069.jpg;Gjeravica;2656
1070.jpg;Glacier Peak;3213
1071.jpg;Glacier Peak;3213
1072.jpg;Glacier Peak;3213
1073.jpg;Glacier Peak;3213
1074.jpg;Glacier Peak;3213
1075.jpg;Glacier Peak;3213
1076.jpg;Glacier Peak;3213
1077.jpg;Glaramara;783
1078.jpg;Glaramara;783
1079.jpg;Glenridding Dodd;442
1080.jpg;Glenridding Dodd;442
1081.jpg;Glenridding Dodd;442
1082.jpg;Glenridding Dodd;442
1083.jpg;Glittertind;2464
1084.jpg;Goat Haunt Mountain;2635
1085.jpg;Goat Haunt Mountain;2635
1086.jpg;Goat Haunt Mountain;2635
1087.jpg;Goat Haunt Mountain;2635
1088.jpg;Going to the Sun Mountain;2939
1089.jpg;Going to the Sun Mountain;2939
1090.jpg;Going to the Sun Mountain;2939
1091.jpg;Going to the Sun Mountain;2939
1092.jpg;Going to the Sun Mountain;2939
1093.jpg;Gongga Shan;7556
1094.jpg;Gongga Shan;7556
1095.jpg;Gongga Shan;7556
1096.jpg;Gorbeia;1482
1097.jpg;Gorbeia;1482
1098.jpg;Gorbeia;1482
1099.jpg;Gowbarrow Fell;481
1100.jpg;Gowbarrow Fell;481
