Filename;Mountain;Altitude
0182.jpg;Allin Qhapaq;5805
0183.jpg;Alpamayo;5947
0184.jpg;Alpamayo;5947
0185.jpg;Alpamayo;5947
0199.jpg;Amarnath Peak;5186
0200.jpg;Amarnath Peak;5186
0201.jpg;Amarnath Peak;5186
0202.jpg;Amarnath Peak;5186
0203.jpg;Amarnath Peak;5186
0246.jpg;Antisana;5704
0247.jpg;Antisana;5704
0248.jpg;Antisana;5704
0249.jpg;Antisana;5704
0250.jpg;Antisana;5704
0545.jpg;Carihuairazo;5018
0546.jpg;Carihuairazo;5018
0547.jpg;Carihuairazo;5018
0548.jpg;Carihuairazo;5018
0549.jpg;Carihuairazo;5018
0550.jpg;Carihuairazo;5018
0585.jpg;Cayambe;5790
0586.jpg;Cayambe;5790
0587.jpg;Cayambe;5790
0588.jpg;Cayambe;5790
0589.jpg;Cayambe;5790
0590.jpg;Cayambe;5790
0591.jpg;Cayambe;5790
0592.jpg;Cayambe;5790
0598.jpg;Cerro Chajnantor;5639
0599.jpg;Cerro Chajnantor;5639
0620.jpg;Cerro Toco;5604
0621.jpg;Cerro Toco;5604
0624.jpg;Cerro Zapaleri;5653
0781.jpg;Cotopaxi;5897
0782.jpg;Cotopaxi;5897
0783.jpg;Cotopaxi;5897
0784.jpg;Cotopaxi;5897
0785.jpg;Cotopaxi;5897
0786.jpg;Cotopaxi;5897
0813.jpg;Damavand;5610
0814.jpg;Damavand;5610
0815.jpg;Damavand;5610
0816.jpg;Damavand;5610
0817.jpg;Damavand;5610
0818.jpg;Damavand;5610
0819.jpg;Damavand;5610
0820.jpg;Damavand;5610
0821.jpg;Damavand;5610
0822.jpg;Damavand;5610
0823.jpg;Damavand;5610
0824.jpg;Damavand;5610
0825.jpg;Damavand;5610
0931.jpg;Dykh-Tau;5205
0932.jpg;Dykh-Tau;5205
0946.jpg;El Misti;5822
0947.jpg;El Misti;5822
0948.jpg;El Misti;5822
0949.jpg;El Misti;5822
0950.jpg;El Misti;5822
0951.jpg;El Misti;5822
0952.jpg;El Misti;5822
0960.jpg;El Plomo;5424
0961.jpg;El Plomo;5424
0982.jpg;Falak Sar;5918
0983.jpg;Falak Sar;5918
1388.jpg;Humantay;5473
1389.jpg;Humantay;5473
1419.jpg;Illiniza;5248
1420.jpg;Illiniza;5248
1421.jpg;Illiniza;5248
1422.jpg;Illiniza;5248
1423.jpg;Illiniza;5248
1424.jpg;Illiniza;5248
1425.jpg;Illiniza;5248
1436.jpg;Ishinca;5530
1437.jpg;Ishinca;5530
1438.jpg;Ishinca;5530
1439.jpg;Ishinca;5530
1441.jpg;Iztaccihuatl;5230
1442.jpg;Iztaccihuatl;5230
1443.jpg;Iztaccihuatl;5230
1444.jpg;Iztaccihuatl;5230
1445.jpg;Iztaccihuatl;5230
1446.jpg;Iztaccihuatl;5230
1447.jpg;Iztaccihuatl;5230
1457.jpg;Jade Dragon Snow Mountain;5596
1458.jpg;Jade Dragon Snow Mountain;5596
1459.jpg;Jade Dragon Snow Mountain;5596
1460.jpg;Jade Dragon Snow Mountain;5596
1624.jpg;Kolahoi Peak;5425
1625.jpg;Kolahoi Peak;5425
1640.jpg;Koshtan-Tau;5144
1641.jpg;Koshtan-Tau;5144
1642.jpg;Koshtan-Tau;5144
1765.jpg;Lascar Volcano;5592
1766.jpg;Lascar Volcano;5592
1767.jpg;Lascar Volcano;5592
1768.jpg;Lascar Volcano;5592
1876.jpg;Licancabur;5916
1877.jpg;Licancabur;5916
1878.jpg;Licancabur;5916
1879.jpg;Licancabur;5916
1880.jpg;Licancabur;5916
1881.jpg;Licancabur;5916
1882.jpg;Licancabur;5916
1883.jpg;Licancabur;5916
1955.jpg;Maipo;5264
1956.jpg;Maipo;5264
1976.jpg;Malika Parbat;5290
1977.jpg;Malika Parbat;5290
1978.jpg;Malika Parbat;5290
1979.jpg;Malika Parbat;5290
1980.jpg;Malika Parbat;5290
1981.jpg;Malika Parbat;5290
2040.jpg;Mawenzi;5149
2041.jpg;Mawenzi;5149
2042.jpg;Mawenzi;5149
2043.jpg;Mawenzi;5149
2044.jpg;Mawenzi;5149
2411.jpg;Mount Ararat;5137
2412.jpg;Mount Ararat;5137
2413.jpg;Mount Ararat;5137
2414.jpg;Mount Ararat;5137
2494.jpg;Mount Bona;5044
2495.jpg;Mount Bona;5044
2496.jpg;Mount Bona;5044
2547.jpg;Mount Damavand;5610
2548.jpg;Mount Damavand;5610
2549.jpg;Mount Damavand;5610
2550.jpg;Mount Damavand;5610
2609.jpg;Mount Elbrus;5642
2610.jpg;Mount Elbrus;5642
2611.jpg;Mount Elbrus;5642
2612.jpg;Mount Elbrus;5642
2646.jpg;Mount Foraker;5304
2647.jpg;Mount Foraker;5304
2648.jpg;Mount Foraker;5304
2649.jpg;Mount Foraker;5304
2650.jpg;Mount Foraker;5304
2651.jpg;Mount Foraker;5304
2652.jpg;Mount Foraker;5304
2817.jpg;Mount Kazbek;5054
2818.jpg;Mount Kazbek;5054
2819.jpg;Mount Kazbek;5054
2820.jpg;Mount Kazbek;5054
2821.jpg;Mount Kazbek;5054
2822.jpg;Mount Kazbek;5054
2823.jpg;Mount Kazbek;5054
2824.jpg;Mount Kazbek;5054
2825.jpg;Mount Kazbek;5054
2826.jpg;Mount Kazbek;5054
2827.jpg;Mount Kenya;5199
2828.jpg;Mount Kenya;5199
2829.jpg;Mount Kenya;5199
2830.jpg;Mount Kenya;5199
2831.jpg;Mount Kenya;5199
2832.jpg;Mount Kenya;5199
2833.jpg;Mount Kenya;5199
2837.jpg;Mount Kilimanjaro;5895
2838.jpg;Mount Kilimanjaro;5895
2839.jpg;Mount Kilimanjaro;5895
2840.jpg;Mount Kilimanjaro;5895
2841.jpg;Mount Kilimanjaro;5895
2842.jpg;Mount Kilimanjaro;5895
2843.jpg;Mount Kilimanjaro;5895
2844.jpg;Mount Kilimanjaro;5895
2900.jpg;Mount Logan;5959
2901.jpg;Mount Logan;5959
3141.jpg;Mount Saint Elias;5488
3142.jpg;Mount Saint Elias;5488
3143.jpg;Mount Saint Elias;5488
3144.jpg;Mount Saint Elias;5488
3281.jpg;Mount Stanley;5109
3282.jpg;Mount Stanley;5109
3283.jpg;Mount Stanley;5109
3538.jpg;Nevado de Chani;5930
3539.jpg;Nevado de Chani;5930
3540.jpg;Nevado de Chani;5930
3545.jpg;Nevado del Ruiz;5321
3546.jpg;Nevado del Ruiz;5321
3547.jpg;Nevado del Ruiz;5321
3548.jpg;Nevado del Ruiz;5321
3549.jpg;Nevado del Tolima;5276
3550.jpg;Nevado del Tolima;5276
3551.jpg;Nevado del Tolima;5276
3570.jpg;Nevado Tuco;5479
3571.jpg;Nevado Tuco;5479
3648.jpg;Ollague;5868
3649.jpg;Ollague;5868
3650.jpg;Ollague;5868
3651.jpg;Ollague;5868
3936.jpg;Pico Cristobal Colon;5700
3949.jpg;Pico de Orizaba;5636
3950.jpg;Pico de Orizaba;5636
3951.jpg;Pico de Orizaba;5636
3952.jpg;Pico de Orizaba;5636
3953.jpg;Pico de Orizaba;5636
3954.jpg;Pico de Orizaba;5636
4207.jpg;Popocatepetl;5426
4208.jpg;Popocatepetl;5426
4209.jpg;Popocatepetl;5426
4210.jpg;Popocatepetl;5426
4211.jpg;Popocatepetl;5426
4212.jpg;Popocatepetl;5426
4355.jpg;Ritacuba Blanco;5410
4356.jpg;Ritacuba Blanco;5410
4442.jpg;Saksarayuq;5918
4443.jpg;Saksarayuq;5918
4444.jpg;Saksarayuq;5918
4445.jpg;Saksarayuq;5918
4463.jpg;Sangay;5300
4464.jpg;Sangay;5300
4465.jpg;Sangay;5300
4559.jpg;Shkhara;5201
4560.jpg;Shkhara;5201
4561.jpg;Shkhara;5201
4562.jpg;Shkhara;5201
4563.jpg;Shkhara;5201
4564.jpg;Shkhara;5201
4761.jpg;Taulliraju;5830
4762.jpg;Taulliraju;5830
4763.jpg;Taulliraju;5830
4764.jpg;Taulliraju;5830
4765.jpg;Taulliraju;5830
4766.jpg;Taulliraju;5830
4767.jpg;Taulliraju;5830
4768.jpg;Taulliraju;5830
4769.jpg;Taulliraju;5830
4770.jpg;Taulliraju;5830
4771.jpg;Taulliraju;5830
4772.jpg;Taulliraju;5830
4968.jpg;Tungurahua;5023
4969.jpg;Tungurahua;5023
4970.jpg;Tungurahua;5023
4971.jpg;Tungurahua;5023
4972.jpg;Tungurahua;5023
5036.jpg;Vallunaraju;5686
5037.jpg;Vallunaraju;5686
5038.jpg;Vallunaraju;5686
5039.jpg;Vallunaraju;5686
5040.jpg;Vallunaraju;5686
5074.jpg;Waqurunchu;5723
5083.jpg;Waytapallana;5557
5084.jpg;Waytapallana;5557
5085.jpg;Waytapallana;5557
5124.jpg;Yanapaccha;5460
5125.jpg;Yanapaccha;5460
5126.jpg;Yanapaccha;5460
